[
  {
    "Id": "0",
    "Name": "Razre Framework Initial Release",
    "DevelopmentStatus": "Stable",
    "Description": "This is the intial release of the WPF Razre Framework.\n\nIt currently provides: \n*A DataTemplate implementation of MVVM \n*Full Layout Theming \n*Navigation with transition animations. \nThe sample application needs alot of work from the visuals it shows, but I think it does a good job of showing how you can utilize the framework in the code.\n\nIf there are any questions please feel free to contact me.\n\nUpdates will come to include new framework functionality and also a set of WPF tools.",
    "ReleasedDatge": "0001-01-01T00:00:00",
    "ModifiedDate": "2009-10-02T07:55:09.667-07:00",
    "Files": [
      {
        "Id": "87a3ad4c-457d-4bbd-92a7-440171fd44dc",
        "FileName": "RazreFramework.zip",
        "Url": "./0/87a3ad4c-457d-4bbd-92a7-440171fd44dc",
        "Type": "Source Code",
        "UploadDate": "2009-10-02T07:55:09.51-07:00"
      }
    ]
  }
]